Workbook

Sheet Help_Log
A1: Timestamp | B1: Student Name | C1: Section | D1: Helped By | E1: Help Level | F1: Notes
V2: Section_List | W2: Help_Level | X2: Helped_by
V3: 1 | W3: 1 | X3: Michael
V4: 3 | W4: 2 | X4: Marcus
V5: 4 | X5: Sara
X6: Instructor

Sheet Dashboard
A1: COURSE HELP ANALYTICS
A3: Metric | B3: Value
A4: Total Help Interactions | B4: =COUNTA(Help_Log!B:B)-1 -> 0
A5: Average Student Score | B5: =AVERAGE(Student_Summary!E:E) -> 0
A6: Students With No Help | B6: =COUNTIF(Student_Summary!E:E,0) -> 56
A7: Most Active Student Score | B7: =MAX(Student_Summary!E:E) -> 0
A8: Least Active Student Score | B8: =MIN(Student_Summary!E:E) -> 0
A10: SECTION BREAKDOWN
A12: Section | B12: Interactions
A13: 1 | B13: =COUNTIF(Help_Log!C:C,1) -> 0
A14: 3 | B14: =COUNTIF(Help_Log!C:C,3) -> 0
A15: 4 | B15: =COUNTIF(Help_Log!C:C,4) -> 0
A17: HELP TYPE DISTRIBUTION
A19: Type | B19: Count
A20: Level 1 (quick) | B20: =COUNTIF(Help_Log!E:E,1) -> 0
A21: Level 2 (deep help) | B21: =COUNTIF(Help_Log!E:E,2) -> 0
A23: ENGAGEMENT SUMMARY
A25: Highly Engaged | B25: =COUNTIF(Student_Summary!F:F,"Highly Engaged") -> 0
A26: Active | B26: =COUNTIF(Student_Summary!F:F,"Active") -> 0
A27: Moderate | B27: =COUNTIF(Student_Summary!F:F,"Moderate") -> 0
A28: Low | B28: =COUNTIF(Student_Summary!F:F,"Low") -> 0
A29: None | B29: =COUNTIF(Student_Summary!F:F,"None") -> 56

Sheet Student_Summary
A1: Student Name | B1: Section | C1: L1 Count | D1: L2 Count | E1: Total Score | F1: Engagement
A2: =Roster!A2 -> Bryson Bargas | B2: =IFERROR(INDEX(Roster!B:B,MATCH(A2,Roster!A:A,0)),"") -> 1 | C2: =COUNTIFS(Help_Log!B:B,A2,Help_Log!E:E,1) -> 0 | D2: =COUNTIFS(Help_Log!B:B,A2,Help_Log!E:E,2) -> 0 | E2: =C2+(D2*2) -> 0 | F2: =IF(E2=0,"None",IF(E2<=2,"Low",IF(E2<=6,"Moderate",IF(E2<=12,"Active","Highly Engaged")))) -> None
A3: =Roster!A3 -> Jacob Batton | B3: =IFERROR(INDEX(Roster!B:B,MATCH(A3,Roster!A:A,0)),"") -> 1 | C3: =COUNTIFS(Help_Log!B:B,A3,Help_Log!E:E,1) -> 0 | D3: =COUNTIFS(Help_Log!B:B,A3,Help_Log!E:E,2) -> 0 | E3: =C3+(D3*2) -> 0 | F3: =IF(E3=0,"None",IF(E3<=2,"Low",IF(E3<=6,"Moderate",IF(E3<=12,"Active","Highly Engaged")))) -> None
A4: =Roster!A4 -> Noah Boggers | B4: =IFERROR(INDEX(Roster!B:B,MATCH(A4,Roster!A:A,0)),"") -> 1 | C4: =COUNTIFS(Help_Log!B:B,A4,Help_Log!E:E,1) -> 0 | D4: =COUNTIFS(Help_Log!B:B,A4,Help_Log!E:E,2) -> 0 | E4: =C4+(D4*2) -> 0 | F4: =IF(E4=0,"None",IF(E4<=2,"Low",IF(E4<=6,"Moderate",IF(E4<=12,"Active","Highly Engaged")))) -> None
A5: =Roster!A5 -> Mani Botla | B5: =IFERROR(INDEX(Roster!B:B,MATCH(A5,Roster!A:A,0)),"") -> 1 | C5: =COUNTIFS(Help_Log!B:B,A5,Help_Log!E:E,1) -> 0 | D5: =COUNTIFS(Help_Log!B:B,A5,Help_Log!E:E,2) -> 0 | E5: =C5+(D5*2) -> 0 | F5: =IF(E5=0,"None",IF(E5<=2,"Low",IF(E5<=6,"Moderate",IF(E5<=12,"Active","Highly Engaged")))) -> None
A6: =Roster!A6 -> Joseph Dye | B6: =IFERROR(INDEX(Roster!B:B,MATCH(A6,Roster!A:A,0)),"") -> 1 | C6: =COUNTIFS(Help_Log!B:B,A6,Help_Log!E:E,1) -> 0 | D6: =COUNTIFS(Help_Log!B:B,A6,Help_Log!E:E,2) -> 0 | E6: =C6+(D6*2) -> 0 | F6: =IF(E6=0,"None",IF(E6<=2,"Low",IF(E6<=6,"Moderate",IF(E6<=12,"Active","Highly Engaged")))) -> None
A7: =Roster!A7 -> Simon Glashauser | B7: =IFERROR(INDEX(Roster!B:B,MATCH(A7,Roster!A:A,0)),"") -> 1 | C7: =COUNTIFS(Help_Log!B:B,A7,Help_Log!E:E,1) -> 0 | D7: =COUNTIFS(Help_Log!B:B,A7,Help_Log!E:E,2) -> 0 | E7: =C7+(D7*2) -> 0 | F7: =IF(E7=0,"None",IF(E7<=2,"Low",IF(E7<=6,"Moderate",IF(E7<=12,"Active","Highly Engaged")))) -> None
A8: =Roster!A8 -> Dante Haman | B8: =IFERROR(INDEX(Roster!B:B,MATCH(A8,Roster!A:A,0)),"") -> 1 | C8: =COUNTIFS(Help_Log!B:B,A8,Help_Log!E:E,1) -> 0 | D8: =COUNTIFS(Help_Log!B:B,A8,Help_Log!E:E,2) -> 0 | E8: =C8+(D8*2) -> 0 | F8: =IF(E8=0,"None",IF(E8<=2,"Low",IF(E8<=6,"Moderate",IF(E8<=12,"Active","Highly Engaged")))) -> None
A9: =Roster!A9 -> Miller Kites | B9: =IFERROR(INDEX(Roster!B:B,MATCH(A9,Roster!A:A,0)),"") -> 1 | C9: =COUNTIFS(Help_Log!B:B,A9,Help_Log!E:E,1) -> 0 | D9: =COUNTIFS(Help_Log!B:B,A9,Help_Log!E:E,2) -> 0 | E9: =C9+(D9*2) -> 0 | F9: =IF(E9=0,"None",IF(E9<=2,"Low",IF(E9<=6,"Moderate",IF(E9<=12,"Active","Highly Engaged")))) -> None
A10: =Roster!A10 -> Nicholas Liverett | B10: =IFERROR(INDEX(Roster!B:B,MATCH(A10,Roster!A:A,0)),"") -> 1 | C10: =COUNTIFS(Help_Log!B:B,A10,Help_Log!E:E,1) -> 0 | D10: =COUNTIFS(Help_Log!B:B,A10,Help_Log!E:E,2) -> 0 | E10: =C10+(D10*2) -> 0 | F10: =IF(E10=0,"None",IF(E10<=2,"Low",IF(E10<=6,"Moderate",IF(E10<=12,"Active","Highly Engaged")))) -> None
A11: =Roster!A11 -> Patriya Murray | B11: =IFERROR(INDEX(Roster!B:B,MATCH(A11,Roster!A:A,0)),"") -> 1 | C11: =COUNTIFS(Help_Log!B:B,A11,Help_Log!E:E,1) -> 0 | D11: =COUNTIFS(Help_Log!B:B,A11,Help_Log!E:E,2) -> 0 | E11: =C11+(D11*2) -> 0 | F11: =IF(E11=0,"None",IF(E11<=2,"Low",IF(E11<=6,"Moderate",IF(E11<=12,"Active","Highly Engaged")))) -> None
A12: =Roster!A12 -> Alex Patel | B12: =IFERROR(INDEX(Roster!B:B,MATCH(A12,Roster!A:A,0)),"") -> 1 | C12: =COUNTIFS(Help_Log!B:B,A12,Help_Log!E:E,1) -> 0 | D12: =COUNTIFS(Help_Log!B:B,A12,Help_Log!E:E,2) -> 0 | E12: =C12+(D12*2) -> 0 | F12: =IF(E12=0,"None",IF(E12<=2,"Low",IF(E12<=6,"Moderate",IF(E12<=12,"Active","Highly Engaged")))) -> None
A13: =Roster!A13 -> Nick Russel | B13: =IFERROR(INDEX(Roster!B:B,MATCH(A13,Roster!A:A,0)),"") -> 1 | C13: =COUNTIFS(Help_Log!B:B,A13,Help_Log!E:E,1) -> 0 | D13: =COUNTIFS(Help_Log!B:B,A13,Help_Log!E:E,2) -> 0 | E13: =C13+(D13*2) -> 0 | F13: =IF(E13=0,"None",IF(E13<=2,"Low",IF(E13<=6,"Moderate",IF(E13<=12,"Active","Highly Engaged")))) -> None
... A57: =Roster!A57 -> Tristan Worthington | B57: =IFERROR(INDEX(Roster!B:B,MATCH(A57,Roster!A:A,0)),"") -> 3 | C57: =COUNTIFS(Help_Log!B:B,A57,Help_Log!E:E,1) -> 0 | D57: =COUNTIFS(Help_Log!B:B,A57,Help_Log!E:E,2) -> 0 | E57: =C57+(D57*2) -> 0 | F57: =IF(E57=0,"None",IF(E57<=2,"Low",IF(E57<=6,"Moderate",IF(E57<=12,"Active","Highly Engaged")))) -> None

Sheet Roster
A1: Student Name | B1: Section
A2: Bryson Bargas | B2: 1
A3: Jacob Batton | B3: 1
A4: Noah Boggers | B4: 1
A5: Mani Botla | B5: 1
A6: Joseph Dye | B6: 1
A7: Simon Glashauser | B7: 1
A8: Dante Haman | B8: 1
A9: Miller Kites | B9: 1
A10: Nicholas Liverett | B10: 1
A11: Patriya Murray | B11: 1
A12: Alex Patel | B12: 1
A13: Nick Russel | B13: 1
... A57: Tristan Worthington | B57: 3
